root,before,after
211026,0102_light_clear_smooth_10000000.png,0102_light_clear_smooth_10900000.png
211026,0102_light_clear_smooth_10000001.png,0102_light_clear_smooth_10900001.png
211026,0102_light_clear_smooth_10000002.png,0102_light_clear_smooth_10900002.png
211026,0102_light_clear_smooth_10000003.png,0102_light_clear_smooth_10900003.png
211026,0102_light_clear_smooth_10000004.png,0102_light_clear_smooth_10900004.png
211026,0102_light_clear_smooth_10000005.png,0102_light_clear_smooth_10900005.png
211026,0102_light_clear_smooth_10000006.png,0102_light_clear_smooth_10900006.png
211026,0102_light_clear_smooth_10000007.png,0102_light_clear_smooth_10900007.png
211026,0102_light_clear_smooth_10000008.png,0102_light_clear_smooth_10900008.png
211026,0102_light_clear_smooth_10000009.png,0102_light_clear_smooth_10900009.png
211026,0102_light_clear_smooth_10000010.png,0102_light_clear_smooth_10900010.png
211026,0102_light_clear_smooth_10000011.png,0102_light_clear_smooth_10900011.png
211026,0102_light_clear_smooth_10000012.png,0102_light_clear_smooth_10900012.png
211026,0102_light_clear_smooth_10000013.png,0102_light_clear_smooth_10900013.png
211026,0102_light_clear_smooth_10000014.png,0102_light_clear_smooth_10900014.png
211026,0102_light_clear_smooth_10000015.png,0102_light_clear_smooth_10900015.png
211026,0102_light_clear_smooth_10000016.png,0102_light_clear_smooth_10900016.png
211026,0102_light_clear_smooth_10000017.png,0102_light_clear_smooth_10900017.png
211026,0102_light_clear_smooth_10000018.png,0102_light_clear_smooth_10900018.png
211026,0102_light_clear_smooth_10000019.png,0102_light_clear_smooth_10900019.png
211026,0102_light_clear_smooth_10000020.png,0102_light_clear_smooth_10900020.png
211026,0102_light_clear_smooth_10000021.png,0102_light_clear_smooth_10900021.png
211026,0102_light_clear_smooth_10000022.png,0102_light_clear_smooth_10900022.png
211026,0102_light_clear_smooth_10000023.png,0102_light_clear_smooth_10900023.png
211026,0102_light_clear_smooth_10000024.png,0102_light_clear_smooth_10900024.png
211026,0102_light_clear_smooth_10000025.png,0102_light_clear_smooth_10900025.png
211026,0102_light_clear_smooth_10000026.png,0102_light_clear_smooth_10900026.png
211026,0102_light_clear_smooth_10000027.png,0102_light_clear_smooth_10900027.png
211026,0102_light_clear_smooth_10000028.png,0102_light_clear_smooth_10900028.png
211026,0102_light_clear_smooth_10000029.png,0102_light_clear_smooth_10900029.png
211026,0102_light_clear_smooth_10000030.png,0102_light_clear_smooth_10900030.png
211026,0102_light_clear_smooth_10000031.png,0102_light_clear_smooth_10900031.png
211026,0102_light_clear_smooth_10000032.png,0102_light_clear_smooth_10900032.png
211026,0102_light_clear_smooth_10000033.png,0102_light_clear_smooth_10900033.png
211026,0102_light_clear_smooth_10000034.png,0102_light_clear_smooth_10900034.png
211026,0102_light_clear_smooth_10000035.png,0102_light_clear_smooth_10900035.png
211026,0102_light_clear_smooth_10000036.png,0102_light_clear_smooth_10900036.png
211026,0102_light_clear_smooth_10000037.png,0102_light_clear_smooth_10900037.png
211026,0102_light_clear_smooth_10000038.png,0102_light_clear_smooth_10900038.png
211026,0102_light_clear_smooth_10000039.png,0102_light_clear_smooth_10900039.png
211026,0102_light_clear_smooth_10000040.png,0102_light_clear_smooth_10900040.png
211026,0102_light_clear_smooth_10000041.png,0102_light_clear_smooth_10900041.png
211026,0102_light_clear_smooth_10000042.png,0102_light_clear_smooth_10900042.png
211026,0102_light_clear_smooth_10000043.png,0102_light_clear_smooth_10900043.png
211026,0102_light_clear_smooth_10000044.png,0102_light_clear_smooth_10900044.png
211026,0102_light_clear_smooth_10000045.png,0102_light_clear_smooth_10900045.png
211026,0102_light_clear_smooth_10000046.png,0102_light_clear_smooth_10900046.png
211026,0301_light_clear_traffic_10000000.png,0301_light_clear_traffic_10900000.png
211026,0301_light_clear_traffic_10000001.png,0301_light_clear_traffic_10900001.png
211026,0301_light_clear_traffic_10000002.png,0301_light_clear_traffic_10900002.png
211026,0301_light_clear_traffic_10000003.png,0301_light_clear_traffic_10900003.png
211026,0301_light_clear_traffic_10000004.png,0301_light_clear_traffic_10900004.png
211026,0301_light_clear_traffic_10000005.png,0301_light_clear_traffic_10900005.png
211026,0301_light_clear_traffic_10000006.png,0301_light_clear_traffic_10900006.png
211026,0301_light_clear_traffic_10000007.png,0301_light_clear_traffic_10900007.png
211026,0301_light_clear_traffic_10000009.png,0301_light_clear_traffic_10900009.png
211026,0301_light_clear_traffic_10000010.png,0301_light_clear_traffic_10900010.png
211026,0301_light_clear_traffic_10000011.png,0301_light_clear_traffic_10900011.png
211026,0301_light_clear_traffic_10000012.png,0301_light_clear_traffic_10900012.png
211026,0301_light_clear_traffic_10000013.png,0301_light_clear_traffic_10900013.png
211026,0301_light_clear_traffic_10000014.png,0301_light_clear_traffic_10900014.png
211026,0301_light_clear_traffic_10000015.png,0301_light_clear_traffic_10900015.png
211026,0301_light_clear_traffic_10000016.png,0301_light_clear_traffic_10900016.png
211026,0301_light_clear_traffic_10000017.png,0301_light_clear_traffic_10900017.png
211026,0301_light_clear_traffic_10000018.png,0301_light_clear_traffic_10900018.png
211026,0301_light_clear_traffic_10000019.png,0301_light_clear_traffic_10900019.png
211026,0301_light_clear_traffic_10000020.png,0301_light_clear_traffic_10900020.png
211026,0301_light_clear_traffic_10000021.png,0301_light_clear_traffic_10900021.png
211026,0301_light_clear_traffic_10000022.png,0301_light_clear_traffic_10900022.png
211026,0301_light_clear_traffic_10000023.png,0301_light_clear_traffic_10900023.png
211026,0301_light_clear_traffic_10000024.png,0301_light_clear_traffic_10900024.png
211026,0301_light_clear_traffic_10000025.png,0301_light_clear_traffic_10900025.png
211026,0301_light_clear_traffic_10000026.png,0301_light_clear_traffic_10900026.png
211026,0301_light_clear_traffic_10000027.png,0301_light_clear_traffic_10900027.png
211026,0301_light_clear_traffic_10000028.png,0301_light_clear_traffic_10900028.png
211026,0301_light_clear_traffic_10000029.png,0301_light_clear_traffic_10900029.png
211026,0301_light_clear_traffic_10000030.png,0301_light_clear_traffic_10900030.png
211026,0301_light_clear_traffic_10000031.png,0301_light_clear_traffic_10900031.png
211026,0301_light_clear_traffic_10000032.png,0301_light_clear_traffic_10900032.png
211026,0301_light_clear_traffic_10000033.png,0301_light_clear_traffic_10900033.png
211026,0301_light_clear_traffic_10000034.png,0301_light_clear_traffic_10900034.png
211026,0301_light_clear_traffic_10000035.png,0301_light_clear_traffic_10900035.png
211026,0301_light_clear_traffic_10000036.png,0301_light_clear_traffic_10900036.png
211026,0301_light_clear_traffic_10000038.png,0301_light_clear_traffic_10900038.png
211026,0301_light_clear_traffic_10000039.png,0301_light_clear_traffic_10900039.png
211026,0301_light_clear_traffic_10000040.png,0301_light_clear_traffic_10900040.png
211026,0301_light_clear_traffic_10000041.png,0301_light_clear_traffic_10900041.png
211026,0301_light_clear_traffic_10000042.png,0301_light_clear_traffic_10900042.png
211026,0301_light_clear_traffic_10000043.png,0301_light_clear_traffic_10900043.png
211026,0301_light_clear_traffic_10000044.png,0301_light_clear_traffic_10900044.png
211026,0301_light_clear_traffic_10000045.png,0301_light_clear_traffic_10900045.png
211026,0301_light_clear_traffic_10000046.png,0301_light_clear_traffic_10900046.png
211026,0301_light_clear_traffic_10000047.png,0301_light_clear_traffic_10900047.png
211026,0301_light_clear_traffic_10000048.png,0301_light_clear_traffic_10900048.png
211026,0301_light_clear_traffic_10000049.png,0301_light_clear_traffic_10900049.png
211026,0301_light_clear_traffic_10000050.png,0301_light_clear_traffic_10900050.png
211026,0301_light_clear_traffic_10000051.png,0301_light_clear_traffic_10900051.png
211026,0301_light_clear_traffic_10000052.png,0301_light_clear_traffic_10900052.png
211026,0301_light_clear_traffic_10000053.png,0301_light_clear_traffic_10900053.png
211026,0302_light_clear_smooth_10000000.png,0302_light_clear_smooth_10900000.png
211026,0302_light_clear_smooth_10000001.png,0302_light_clear_smooth_10900001.png
211026,0302_light_clear_smooth_10000002.png,0302_light_clear_smooth_10900002.png
211026,0302_light_clear_smooth_10000003.png,0302_light_clear_smooth_10900003.png
211026,0302_light_clear_traffic_10000000.png,0302_light_clear_traffic_10900000.png
211026,0302_light_clear_traffic_10000001.png,0302_light_clear_traffic_10900001.png
211026,0302_light_clear_traffic_10000002.png,0302_light_clear_traffic_10900002.png
211026,0302_light_clear_traffic_10000003.png,0302_light_clear_traffic_10900003.png
211026,0402_night_clear_smooth_10000000.png,0402_night_clear_smooth_10900000.png
211026,0402_night_clear_smooth_10000001.png,0402_night_clear_smooth_10900001.png
211026,0402_night_clear_smooth_10000002.png,0402_night_clear_smooth_10900002.png
211026,0402_night_clear_smooth_10000003.png,0402_night_clear_smooth_10900003.png
211026,0402_night_clear_smooth_10000004.png,0402_night_clear_smooth_10900004.png
211026,0402_night_clear_smooth_10000005.png,0402_night_clear_smooth_10900005.png
211026,0402_night_clear_smooth_10000006.png,0402_night_clear_smooth_10900006.png
211026,0402_night_clear_smooth_10000007.png,0402_night_clear_smooth_10900007.png
211026,0402_night_clear_smooth_10000008.png,0402_night_clear_smooth_10900008.png
211026,0402_night_clear_smooth_10000009.png,0402_night_clear_smooth_10900009.png
211026,0402_night_clear_smooth_10000010.png,0402_night_clear_smooth_10900010.png
211026,0402_night_clear_smooth_10000011.png,0402_night_clear_smooth_10900011.png
211026,0402_night_clear_smooth_10000012.png,0402_night_clear_smooth_10900012.png
211026,0402_night_clear_smooth_10000013.png,0402_night_clear_smooth_10900013.png
211026,0402_night_clear_smooth_10000014.png,0402_night_clear_smooth_10900014.png
211026,0402_night_clear_smooth_10000015.png,0402_night_clear_smooth_10900015.png
211026,0402_night_clear_smooth_10000016.png,0402_night_clear_smooth_10900016.png
211026,0402_night_clear_smooth_10000017.png,0402_night_clear_smooth_10900017.png
211026,0402_night_clear_smooth_10000018.png,0402_night_clear_smooth_10900018.png
211026,0402_night_clear_smooth_10000019.png,0402_night_clear_smooth_10900019.png
211026,0402_night_clear_smooth_10000020.png,0402_night_clear_smooth_10900020.png
211026,0402_night_clear_smooth_10000021.png,0402_night_clear_smooth_10900021.png
211026,0402_night_clear_smooth_10000022.png,0402_night_clear_smooth_10900022.png
211026,0402_night_clear_smooth_10000023.png,0402_night_clear_smooth_10900023.png
211026,0402_night_clear_smooth_10000024.png,0402_night_clear_smooth_10900024.png
211026,0402_night_clear_smooth_10000025.png,0402_night_clear_smooth_10900025.png
211026,0402_night_clear_smooth_10000026.png,0402_night_clear_smooth_10900026.png
211026,0402_night_clear_smooth_10000027.png,0402_night_clear_smooth_10900027.png
211026,0402_night_clear_smooth_10000028.png,0402_night_clear_smooth_10900028.png
211026,0402_night_clear_smooth_10000029.png,0402_night_clear_smooth_10900029.png
211026,0402_night_clear_smooth_10000030.png,0402_night_clear_smooth_10900030.png
211026,0402_night_clear_smooth_10000031.png,0402_night_clear_smooth_10900031.png
211026,0402_night_clear_smooth_10000032.png,0402_night_clear_smooth_10900032.png
211026,0402_night_clear_smooth_10000033.png,0402_night_clear_smooth_10900033.png
211026,0402_night_clear_smooth_10000034.png,0402_night_clear_smooth_10900034.png
211026,0402_night_clear_smooth_10000035.png,0402_night_clear_smooth_10900035.png
211026,0402_night_clear_smooth_10000036.png,0402_night_clear_smooth_10900036.png
211026,0402_night_clear_smooth_10000037.png,0402_night_clear_smooth_10900037.png
211012,0404_light_clear_smooth_03000022.png,0404_light_clear_smooth_03900022.png
211012,0404_light_clear_smooth_03000023.png,0404_light_clear_smooth_03900023.png
211012,0404_light_clear_smooth_03000024.png,0404_light_clear_smooth_03900024.png
211012,0404_light_clear_smooth_03000025.png,0404_light_clear_smooth_03900025.png
211012,0404_light_clear_smooth_03000026.png,0404_light_clear_smooth_03900026.png
211012,0404_light_clear_smooth_03000027.png,0404_light_clear_smooth_03900027.png
211012,0404_light_clear_smooth_03000028.png,0404_light_clear_smooth_03900028.png
211012,0404_light_clear_smooth_03000029.png,0404_light_clear_smooth_03900029.png
211026,0404_light_clear_traffic_10000000.png,0404_light_clear_traffic_10900000.png
211026,0404_light_clear_traffic_10000001.png,0404_light_clear_traffic_10900001.png
211026,0404_light_clear_traffic_10000002.png,0404_light_clear_traffic_10900002.png
211026,0404_light_clear_traffic_10000003.png,0404_light_clear_traffic_10900003.png
211026,0404_light_clear_traffic_10000004.png,0404_light_clear_traffic_10900004.png
211026,0404_light_clear_traffic_10000005.png,0404_light_clear_traffic_10900005.png
211026,0404_light_clear_traffic_10000006.png,0404_light_clear_traffic_10900006.png
211026,0404_light_clear_traffic_10000007.png,0404_light_clear_traffic_10900007.png
211026,0404_light_clear_traffic_10000008.png,0404_light_clear_traffic_10900008.png
211026,0404_light_clear_traffic_10000009.png,0404_light_clear_traffic_10900009.png
211026,0404_light_clear_traffic_10000010.png,0404_light_clear_traffic_10900010.png
211026,0404_light_clear_traffic_10000011.png,0404_light_clear_traffic_10900011.png
211026,0404_light_clear_traffic_10000012.png,0404_light_clear_traffic_10900012.png
211026,0404_light_clear_traffic_10000013.png,0404_light_clear_traffic_10900013.png
211012,0502_night_clear_smooth_01000003.png,0502_night_clear_smooth_01900003.png
211012,0502_night_clear_smooth_01000004.png,0502_night_clear_smooth_01900004.png
211012,0502_night_clear_smooth_01000005.png,0502_night_clear_smooth_01900005.png
211012,0502_night_clear_smooth_01000006.png,0502_night_clear_smooth_01900006.png
211012,0502_night_clear_smooth_01000007.png,0502_night_clear_smooth_01900007.png
211012,0502_night_clear_smooth_01000008.png,0502_night_clear_smooth_01900008.png
211012,0502_night_clear_smooth_01000009.png,0502_night_clear_smooth_01900009.png
211022,0502_night_clear_smooth_01000010.png,0502_night_clear_smooth_01900010.png
211022,0502_night_clear_smooth_01000011.png,0502_night_clear_smooth_01900011.png
211022,0502_night_clear_smooth_01000012.png,0502_night_clear_smooth_01900012.png
211022,0502_night_clear_smooth_01000013.png,0502_night_clear_smooth_01900013.png
211022,0502_night_clear_smooth_01000014.png,0502_night_clear_smooth_01900014.png
211022,0502_night_clear_smooth_01000015.png,0502_night_clear_smooth_01900015.png
211022,0502_night_clear_smooth_01000016.png,0502_night_clear_smooth_01900016.png
211022,0502_night_clear_smooth_01000017.png,0502_night_clear_smooth_01900017.png
211022,0502_night_clear_smooth_01000018.png,0502_night_clear_smooth_01900018.png
211022,0502_night_clear_smooth_01000019.png,0502_night_clear_smooth_01900019.png
211022,0502_night_clear_smooth_01000020.png,0502_night_clear_smooth_01900020.png
211022,0502_night_clear_smooth_01000021.png,0502_night_clear_smooth_01900021.png
211022,0502_night_clear_smooth_01000022.png,0502_night_clear_smooth_01900022.png
211022,0502_night_clear_smooth_01000023.png,0502_night_clear_smooth_01900023.png
211022,0502_night_clear_smooth_01000024.png,0502_night_clear_smooth_01900024.png
211022,0502_night_clear_smooth_01000025.png,0502_night_clear_smooth_01900025.png
211022,0502_night_clear_smooth_01000026.png,0502_night_clear_smooth_01900026.png
211022,0502_night_clear_smooth_01000027.png,0502_night_clear_smooth_01900027.png
211022,0502_night_clear_smooth_01000028.png,0502_night_clear_smooth_01900028.png
211022,0502_night_clear_smooth_01000029.png,0502_night_clear_smooth_01900029.png
211022,0502_night_clear_smooth_01000030.png,0502_night_clear_smooth_01900030.png
211022,0502_night_clear_smooth_01000031.png,0502_night_clear_smooth_01900031.png
211022,0502_night_clear_smooth_01000032.png,0502_night_clear_smooth_01900032.png
211022,0502_night_clear_smooth_01000033.png,0502_night_clear_smooth_01900033.png
211022,0502_night_clear_smooth_01000034.png,0502_night_clear_smooth_01900034.png
211022,0502_night_clear_smooth_01000035.png,0502_night_clear_smooth_01900035.png
211022,0502_night_clear_smooth_01000036.png,0502_night_clear_smooth_01900036.png
211022,0502_night_clear_smooth_01000037.png,0502_night_clear_smooth_01900037.png
211022,0502_night_clear_smooth_01000038.png,0502_night_clear_smooth_01900038.png
211022,0502_night_clear_smooth_01000039.png,0502_night_clear_smooth_01900039.png
211022,0502_night_clear_smooth_01000040.png,0502_night_clear_smooth_01900040.png
211022,0502_night_clear_smooth_01000041.png,0502_night_clear_smooth_01900041.png
211022,0502_night_clear_smooth_01000042.png,0502_night_clear_smooth_01900042.png
211022,0502_night_clear_smooth_01000043.png,0502_night_clear_smooth_01900043.png
211022,0502_night_clear_smooth_01000044.png,0502_night_clear_smooth_01900044.png
211022,0502_night_clear_smooth_01000045.png,0502_night_clear_smooth_01900045.png
211022,0502_night_clear_smooth_01000046.png,0502_night_clear_smooth_01900046.png
211022,0502_night_clear_smooth_01000047.png,0502_night_clear_smooth_01900047.png
211022,0502_night_clear_smooth_01000048.png,0502_night_clear_smooth_01900048.png
211022,0502_night_clear_smooth_01000049.png,0502_night_clear_smooth_01900049.png
211022,0502_night_clear_smooth_01000050.png,0502_night_clear_smooth_01900050.png
211022,0502_night_clear_smooth_01000051.png,0502_night_clear_smooth_01900051.png
211012,0503_light_clear_smooth_03000000.png,0503_light_clear_smooth_03900000.png
211012,0503_light_clear_smooth_03000001.png,0503_light_clear_smooth_03900001.png
211012,0503_light_clear_smooth_03000002.png,0503_light_clear_smooth_03900002.png
211012,0503_light_clear_smooth_03000003.png,0503_light_clear_smooth_03900003.png
211012,0503_light_clear_smooth_03000004.png,0503_light_clear_smooth_03900004.png
211012,0503_light_clear_smooth_03000005.png,0503_light_clear_smooth_03900005.png
211012,0503_light_clear_smooth_03000006.png,0503_light_clear_smooth_03900006.png
211012,0503_light_clear_smooth_03000007.png,0503_light_clear_smooth_03900007.png
211012,0503_light_clear_smooth_03000008.png,0503_light_clear_smooth_03900008.png
211012,0503_light_clear_smooth_03000009.png,0503_light_clear_smooth_03900009.png
211022,0503_night_clear_smooth_01000011.png,0503_night_clear_smooth_01900011.png
211022,0503_night_clear_smooth_01000012.png,0503_night_clear_smooth_01900012.png
211022,0503_night_clear_smooth_01000013.png,0503_night_clear_smooth_01900013.png
211022,0503_night_clear_smooth_01000014.png,0503_night_clear_smooth_01900014.png
211022,0503_night_clear_smooth_01000015.png,0503_night_clear_smooth_01900015.png
210910,0601_light_clear_smooth_06000058.png,0601_light_clear_smooth_06900058.png
211007,0602_light_clear_smooth_04000430.png,0602_light_clear_smooth_04900430.png
211007,0602_light_clear_smooth_04000431.png,0602_light_clear_smooth_04900431.png
211007,0602_light_clear_smooth_04000432.png,0602_light_clear_smooth_04900432.png
211007,0602_light_clear_smooth_04000433.png,0602_light_clear_smooth_04900433.png
211007,0602_light_clear_smooth_04000434.png,0602_light_clear_smooth_04900434.png
211007,0602_light_clear_smooth_04000435.png,0602_light_clear_smooth_04900435.png
211007,0602_light_clear_smooth_04000436.png,0602_light_clear_smooth_04900436.png
211007,0602_light_clear_smooth_04000437.png,0602_light_clear_smooth_04900437.png
211007,0602_light_clear_smooth_04000438.png,0602_light_clear_smooth_04900438.png
211007,0602_light_clear_smooth_04000439.png,0602_light_clear_smooth_04900439.png
211007,0602_light_clear_smooth_04000440.png,0602_light_clear_smooth_04900440.png
211007,0602_light_clear_smooth_04000441.png,0602_light_clear_smooth_04900441.png
211007,0602_light_clear_smooth_04000442.png,0602_light_clear_smooth_04900442.png
211007,0602_light_clear_smooth_04000443.png,0602_light_clear_smooth_04900443.png
211007,0602_light_clear_smooth_04000444.png,0602_light_clear_smooth_04900444.png
211007,0602_light_clear_smooth_04000445.png,0602_light_clear_smooth_04900445.png
211007,0602_light_clear_smooth_04000446.png,0602_light_clear_smooth_04900446.png
211007,0602_light_clear_smooth_04000447.png,0602_light_clear_smooth_04900447.png
211007,0602_light_clear_smooth_04000448.png,0602_light_clear_smooth_04900448.png
211007,0602_light_clear_smooth_04000449.png,0602_light_clear_smooth_04900449.png
211007,0602_light_clear_smooth_04000450.png,0602_light_clear_smooth_04900450.png
211007,0602_light_clear_smooth_04000451.png,0602_light_clear_smooth_04900451.png
211007,0602_light_clear_smooth_04000452.png,0602_light_clear_smooth_04900452.png
211007,0602_light_clear_smooth_04000453.png,0602_light_clear_smooth_04900453.png
211007,0602_light_clear_smooth_04000454.png,0602_light_clear_smooth_04900454.png
211007,0602_light_clear_smooth_04000455.png,0602_light_clear_smooth_04900455.png
211007,0602_light_clear_smooth_04000456.png,0602_light_clear_smooth_04900456.png
211007,0602_light_clear_smooth_04000457.png,0602_light_clear_smooth_04900457.png
211007,0602_light_clear_smooth_04000458.png,0602_light_clear_smooth_04900458.png
211007,0602_light_clear_smooth_04000459.png,0602_light_clear_smooth_04900459.png
211007,0602_light_clear_smooth_04000460.png,0602_light_clear_smooth_04900460.png
211020,0602_light_clear_smooth_04000461.png,0602_light_clear_smooth_04900461.png
211020,0602_light_clear_smooth_04000462.png,0602_light_clear_smooth_04900462.png
211020,0602_light_clear_smooth_04000463.png,0602_light_clear_smooth_04900463.png
211020,0602_light_clear_smooth_04000464.png,0602_light_clear_smooth_04900464.png
211020,0602_light_clear_smooth_04000465.png,0602_light_clear_smooth_04900465.png
211020,0602_light_clear_smooth_04000466.png,0602_light_clear_smooth_04900466.png
211020,0602_light_clear_smooth_04000467.png,0602_light_clear_smooth_04900467.png
211020,0602_light_clear_smooth_04000468.png,0602_light_clear_smooth_04900468.png
211020,0602_light_clear_smooth_04000469.png,0602_light_clear_smooth_04900469.png
211020,0602_light_clear_smooth_04000470.png,0602_light_clear_smooth_04900470.png
211020,0602_light_clear_smooth_04000471.png,0602_light_clear_smooth_04900471.png
211020,0602_light_clear_smooth_04000472.png,0602_light_clear_smooth_04900472.png
211020,0602_light_clear_smooth_04000473.png,0602_light_clear_smooth_04900473.png
211020,0602_light_clear_smooth_04000474.png,0602_light_clear_smooth_04900474.png
211020,0602_light_clear_smooth_04000475.png,0602_light_clear_smooth_04900475.png
211020,0602_light_clear_smooth_04000476.png,0602_light_clear_smooth_04900476.png
211020,0602_light_clear_smooth_04000477.png,0602_light_clear_smooth_04900477.png
211020,0602_light_clear_smooth_04000478.png,0602_light_clear_smooth_04900478.png
211020,0602_light_clear_smooth_04000479.png,0602_light_clear_smooth_04900479.png
211020,0602_light_clear_smooth_04000480.png,0602_light_clear_smooth_04900480.png
211020,0602_light_clear_smooth_04000481.png,0602_light_clear_smooth_04900481.png
211020,0602_light_clear_smooth_04000482.png,0602_light_clear_smooth_04900482.png
211020,0602_light_clear_smooth_04000483.png,0602_light_clear_smooth_04900483.png
211020,0602_light_clear_smooth_04000484.png,0602_light_clear_smooth_04900484.png
211020,0602_light_clear_smooth_04000485.png,0602_light_clear_smooth_04900485.png
211020,0602_light_clear_smooth_04000486.png,0602_light_clear_smooth_04900486.png
211020,0602_light_clear_smooth_04000487.png,0602_light_clear_smooth_04900487.png
211020,0602_light_clear_smooth_04000488.png,0602_light_clear_smooth_04900488.png
211020,0602_light_clear_smooth_04000489.png,0602_light_clear_smooth_04900489.png
211020,0602_light_clear_smooth_04000490.png,0602_light_clear_smooth_04900490.png
211020,0602_light_clear_smooth_04000491.png,0602_light_clear_smooth_04900491.png
211020,0602_light_clear_smooth_04000492.png,0602_light_clear_smooth_04900492.png
211020,0602_light_clear_smooth_04000493.png,0602_light_clear_smooth_04900493.png
211020,0602_light_clear_smooth_04000494.png,0602_light_clear_smooth_04900494.png
211020,0602_light_clear_smooth_04000495.png,0602_light_clear_smooth_04900495.png
211020,0602_light_clear_smooth_04000496.png,0602_light_clear_smooth_04900496.png
211020,0602_light_clear_smooth_04000497.png,0602_light_clear_smooth_04900497.png
211020,0602_light_clear_smooth_04000498.png,0602_light_clear_smooth_04900498.png
211020,0602_light_clear_smooth_04000499.png,0602_light_clear_smooth_04900499.png
211020,0602_light_clear_smooth_04000500.png,0602_light_clear_smooth_04900500.png
211020,0602_light_clear_smooth_04000501.png,0602_light_clear_smooth_04900501.png
211020,0602_light_clear_smooth_04000502.png,0602_light_clear_smooth_04900502.png
211020,0602_light_clear_smooth_04000503.png,0602_light_clear_smooth_04900503.png
211020,0602_light_clear_smooth_04000504.png,0602_light_clear_smooth_04900504.png
211020,0602_light_clear_smooth_04000505.png,0602_light_clear_smooth_04900505.png
211020,0602_light_clear_smooth_04000506.png,0602_light_clear_smooth_04900506.png
211020,0602_light_clear_smooth_04000507.png,0602_light_clear_smooth_04900507.png
211020,0602_light_clear_smooth_04000508.png,0602_light_clear_smooth_04900508.png
211020,0602_light_clear_smooth_04000509.png,0602_light_clear_smooth_04900509.png
211020,0602_light_clear_smooth_04000510.png,0602_light_clear_smooth_04900510.png
211020,0602_light_clear_smooth_04000511.png,0602_light_clear_smooth_04900511.png
211020,0602_light_clear_smooth_04000512.png,0602_light_clear_smooth_04900512.png
211020,0602_light_clear_smooth_04000513.png,0602_light_clear_smooth_04900513.png
211020,0602_light_clear_smooth_04000514.png,0602_light_clear_smooth_04900514.png
211020,0602_light_clear_smooth_04000515.png,0602_light_clear_smooth_04900515.png
211020,0602_light_clear_smooth_04000516.png,0602_light_clear_smooth_04900516.png
211020,0602_light_clear_smooth_04000517.png,0602_light_clear_smooth_04900517.png
211020,0602_light_clear_smooth_04000518.png,0602_light_clear_smooth_04900518.png
211020,0602_light_clear_smooth_04000519.png,0602_light_clear_smooth_04900519.png
211020,0602_light_clear_smooth_04000520.png,0602_light_clear_smooth_04900520.png
211020,0602_light_clear_smooth_04000521.png,0602_light_clear_smooth_04900521.png
211020,0602_light_clear_smooth_04000522.png,0602_light_clear_smooth_04900522.png
211020,0602_light_clear_smooth_04000523.png,0602_light_clear_smooth_04900523.png
211020,0602_light_clear_smooth_04000524.png,0602_light_clear_smooth_04900524.png
211020,0602_light_clear_smooth_04000525.png,0602_light_clear_smooth_04900525.png
211020,0602_light_clear_smooth_04000526.png,0602_light_clear_smooth_04900526.png
211020,0602_light_clear_smooth_04000527.png,0602_light_clear_smooth_04900527.png
211020,0602_light_clear_smooth_04000528.png,0602_light_clear_smooth_04900528.png
211020,0602_light_clear_smooth_04000529.png,0602_light_clear_smooth_04900529.png
211020,0602_light_clear_smooth_04000530.png,0602_light_clear_smooth_04900530.png
211020,0602_light_clear_smooth_04000531.png,0602_light_clear_smooth_04900531.png
211020,0602_light_clear_smooth_04000532.png,0602_light_clear_smooth_04900532.png
211020,0602_light_clear_smooth_04000533.png,0602_light_clear_smooth_04900533.png
211020,0602_light_clear_smooth_04000534.png,0602_light_clear_smooth_04900534.png
211020,0602_light_clear_smooth_04000535.png,0602_light_clear_smooth_04900535.png
211020,0602_light_clear_smooth_04000536.png,0602_light_clear_smooth_04900536.png
211020,0602_light_clear_smooth_04000537.png,0602_light_clear_smooth_04900537.png
211020,0602_light_clear_smooth_04000538.png,0602_light_clear_smooth_04900538.png
211020,0602_light_clear_smooth_04000539.png,0602_light_clear_smooth_04900539.png
211020,0602_light_clear_smooth_04000540.png,0602_light_clear_smooth_04900540.png
211020,0602_light_clear_smooth_04000541.png,0602_light_clear_smooth_04900541.png
211020,0602_light_clear_smooth_04000542.png,0602_light_clear_smooth_04900542.png
211020,0602_light_clear_smooth_04000543.png,0602_light_clear_smooth_04900543.png
211020,0602_light_clear_smooth_04000544.png,0602_light_clear_smooth_04900544.png
211020,0602_light_clear_smooth_04000545.png,0602_light_clear_smooth_04900545.png
211020,0602_light_clear_smooth_04000546.png,0602_light_clear_smooth_04900546.png
211020,0602_light_clear_smooth_04000547.png,0602_light_clear_smooth_04900547.png
211020,0602_light_clear_smooth_04000548.png,0602_light_clear_smooth_04900548.png
211020,0602_light_clear_smooth_04000549.png,0602_light_clear_smooth_04900549.png
211020,0602_light_clear_smooth_04000550.png,0602_light_clear_smooth_04900550.png
211020,0602_light_clear_smooth_04000551.png,0602_light_clear_smooth_04900551.png
211020,0602_light_clear_smooth_04000552.png,0602_light_clear_smooth_04900552.png
211020,0602_light_clear_smooth_04000553.png,0602_light_clear_smooth_04900553.png
211020,0602_light_clear_smooth_04000554.png,0602_light_clear_smooth_04900554.png
211020,0602_light_clear_smooth_04000555.png,0602_light_clear_smooth_04900555.png
211020,0602_light_clear_smooth_04000556.png,0602_light_clear_smooth_04900556.png
211020,0602_light_clear_smooth_04000557.png,0602_light_clear_smooth_04900557.png
211020,0602_light_clear_smooth_04000558.png,0602_light_clear_smooth_04900558.png
211020,0602_light_clear_smooth_04000559.png,0602_light_clear_smooth_04900559.png
211020,0602_light_clear_smooth_04000560.png,0602_light_clear_smooth_04900560.png
211020,0602_light_clear_smooth_04000561.png,0602_light_clear_smooth_04900561.png
211020,0602_light_clear_smooth_04000562.png,0602_light_clear_smooth_04900562.png
211020,0602_light_clear_smooth_04000563.png,0602_light_clear_smooth_04900563.png
211020,0602_light_clear_smooth_04000564.png,0602_light_clear_smooth_04900564.png
211020,0602_light_clear_smooth_04000565.png,0602_light_clear_smooth_04900565.png
211020,0602_light_clear_smooth_04000566.png,0602_light_clear_smooth_04900566.png
211020,0602_light_clear_smooth_04000567.png,0602_light_clear_smooth_04900567.png
211020,0602_light_clear_smooth_04000568.png,0602_light_clear_smooth_04900568.png
211020,0602_light_clear_smooth_04000569.png,0602_light_clear_smooth_04900569.png
211020,0602_light_clear_smooth_04000570.png,0602_light_clear_smooth_04900570.png
211020,0602_light_clear_smooth_04000571.png,0602_light_clear_smooth_04900571.png
211020,0602_light_clear_smooth_04000572.png,0602_light_clear_smooth_04900572.png
211020,0602_light_clear_smooth_04000573.png,0602_light_clear_smooth_04900573.png
211020,0602_light_clear_smooth_04000574.png,0602_light_clear_smooth_04900574.png
211020,0602_light_clear_smooth_04000575.png,0602_light_clear_smooth_04900575.png
211020,0602_light_clear_smooth_04000576.png,0602_light_clear_smooth_04900576.png
211020,0602_light_clear_smooth_04000577.png,0602_light_clear_smooth_04900577.png
211020,0602_light_clear_smooth_04000578.png,0602_light_clear_smooth_04900578.png
211020,0602_light_clear_smooth_04000579.png,0602_light_clear_smooth_04900579.png
211020,0602_light_clear_smooth_04000580.png,0602_light_clear_smooth_04900580.png
211020,0602_light_clear_smooth_04000581.png,0602_light_clear_smooth_04900581.png
211020,0602_light_clear_smooth_04000582.png,0602_light_clear_smooth_04900582.png
211020,0602_light_clear_smooth_04000583.png,0602_light_clear_smooth_04900583.png
211020,0602_light_clear_smooth_04000584.png,0602_light_clear_smooth_04900584.png
211007,0602_light_clear_smooth_04000585.png,0602_light_clear_smooth_04900585.png
211007,0602_light_clear_smooth_04000586.png,0602_light_clear_smooth_04900586.png
211007,0602_light_clear_smooth_04000587.png,0602_light_clear_smooth_04900587.png
211007,0602_light_clear_smooth_04000588.png,0602_light_clear_smooth_04900588.png
211007,0602_light_clear_smooth_04000589.png,0602_light_clear_smooth_04900589.png
211007,0602_light_clear_smooth_04000590.png,0602_light_clear_smooth_04900590.png
211007,0602_light_clear_smooth_04000591.png,0602_light_clear_smooth_04900591.png
211007,0602_light_clear_smooth_04000592.png,0602_light_clear_smooth_04900592.png
211007,0602_light_clear_smooth_04000593.png,0602_light_clear_smooth_04900593.png
211007,0602_light_clear_smooth_04000594.png,0602_light_clear_smooth_04900594.png
211007,0602_light_clear_smooth_04000595.png,0602_light_clear_smooth_04900595.png
211007,0602_light_clear_smooth_04000596.png,0602_light_clear_smooth_04900596.png
211007,0602_light_clear_smooth_04000597.png,0602_light_clear_smooth_04900597.png
211007,0602_light_clear_smooth_04000598.png,0602_light_clear_smooth_04900598.png
211007,0602_light_clear_smooth_04000599.png,0602_light_clear_smooth_04900599.png
211007,0602_light_clear_smooth_04000600.png,0602_light_clear_smooth_04900600.png
211007,0602_light_clear_smooth_04000601.png,0602_light_clear_smooth_04900601.png
211007,0602_light_clear_smooth_04000602.png,0602_light_clear_smooth_04900602.png
211007,0602_light_clear_smooth_04000603.png,0602_light_clear_smooth_04900603.png
211007,0602_light_clear_smooth_04000604.png,0602_light_clear_smooth_04900604.png
211007,0602_light_clear_smooth_04000605.png,0602_light_clear_smooth_04900605.png
211007,0602_light_clear_smooth_04000606.png,0602_light_clear_smooth_04900606.png
211007,0602_light_clear_smooth_04000607.png,0602_light_clear_smooth_04900607.png
211007,0602_light_clear_smooth_04000608.png,0602_light_clear_smooth_04900608.png
211007,0602_light_clear_smooth_04000609.png,0602_light_clear_smooth_04900609.png
211007,0602_light_clear_smooth_04000610.png,0602_light_clear_smooth_04900610.png
211007,0602_light_clear_smooth_04000611.png,0602_light_clear_smooth_04900611.png
211007,0602_light_clear_smooth_04000612.png,0602_light_clear_smooth_04900612.png
211007,0602_light_clear_smooth_04000613.png,0602_light_clear_smooth_04900613.png
211007,0602_light_clear_smooth_04000614.png,0602_light_clear_smooth_04900614.png
211007,0602_light_clear_smooth_04000615.png,0602_light_clear_smooth_04900615.png
211007,0602_light_clear_smooth_04000616.png,0602_light_clear_smooth_04900616.png
211007,0602_light_clear_smooth_04000617.png,0602_light_clear_smooth_04900617.png
211007,0602_light_clear_smooth_04000618.png,0602_light_clear_smooth_04900618.png
211007,0602_light_clear_smooth_04000619.png,0602_light_clear_smooth_04900619.png
211007,0602_light_clear_smooth_04000620.png,0602_light_clear_smooth_04900620.png
211007,0602_light_clear_smooth_04000621.png,0602_light_clear_smooth_04900621.png
211007,0602_light_clear_smooth_04000622.png,0602_light_clear_smooth_04900622.png
211007,0602_light_clear_smooth_04000623.png,0602_light_clear_smooth_04900623.png
211007,0602_light_clear_smooth_04000624.png,0602_light_clear_smooth_04900624.png
211007,0602_light_clear_smooth_04000625.png,0602_light_clear_smooth_04900625.png
211007,0602_light_clear_smooth_04000626.png,0602_light_clear_smooth_04900626.png
211007,0602_light_clear_smooth_04000627.png,0602_light_clear_smooth_04900627.png
211007,0602_light_clear_smooth_04000628.png,0602_light_clear_smooth_04900628.png
211007,0602_light_clear_smooth_04000629.png,0602_light_clear_smooth_04900629.png
211007,0602_light_clear_smooth_04000630.png,0602_light_clear_smooth_04900630.png
211007,0602_light_clear_smooth_04000631.png,0602_light_clear_smooth_04900631.png
211007,0602_light_clear_smooth_04000632.png,0602_light_clear_smooth_04900632.png
211007,0602_light_clear_smooth_04000633.png,0602_light_clear_smooth_04900633.png
211007,0602_light_clear_smooth_04000634.png,0602_light_clear_smooth_04900634.png
211007,0602_light_clear_smooth_04000635.png,0602_light_clear_smooth_04900635.png
211007,0602_light_clear_smooth_04000636.png,0602_light_clear_smooth_04900636.png
211007,0602_light_clear_smooth_04000637.png,0602_light_clear_smooth_04900637.png
211007,0602_light_clear_smooth_04000638.png,0602_light_clear_smooth_04900638.png
211007,0602_light_clear_smooth_04000639.png,0602_light_clear_smooth_04900639.png
211007,0602_light_clear_smooth_04000640.png,0602_light_clear_smooth_04900640.png
211007,0602_light_clear_smooth_04000641.png,0602_light_clear_smooth_04900641.png
211007,0602_light_clear_smooth_04000642.png,0602_light_clear_smooth_04900642.png
211007,0602_light_clear_smooth_04000643.png,0602_light_clear_smooth_04900643.png
211007,0602_light_clear_smooth_04000644.png,0602_light_clear_smooth_04900644.png
211007,0602_light_clear_smooth_04000645.png,0602_light_clear_smooth_04900645.png
211007,0602_light_clear_smooth_04000646.png,0602_light_clear_smooth_04900646.png
211007,0602_light_clear_smooth_04000647.png,0602_light_clear_smooth_04900647.png
211007,0602_light_clear_smooth_04000648.png,0602_light_clear_smooth_04900648.png
211007,0602_light_clear_smooth_04000649.png,0602_light_clear_smooth_04900649.png
211007,0602_light_clear_smooth_04000650.png,0602_light_clear_smooth_04900650.png
211007,0602_light_clear_smooth_04000651.png,0602_light_clear_smooth_04900651.png
211007,0602_light_clear_smooth_04000652.png,0602_light_clear_smooth_04900652.png
211007,0602_light_clear_smooth_04000653.png,0602_light_clear_smooth_04900653.png
211007,0602_light_clear_smooth_04000654.png,0602_light_clear_smooth_04900654.png
211007,0602_light_clear_smooth_04000655.png,0602_light_clear_smooth_04900655.png
211007,0602_light_clear_smooth_04000656.png,0602_light_clear_smooth_04900656.png
211007,0602_light_clear_smooth_04000657.png,0602_light_clear_smooth_04900657.png
211007,0602_light_clear_smooth_04000658.png,0602_light_clear_smooth_04900658.png
211007,0602_light_clear_smooth_04000659.png,0602_light_clear_smooth_04900659.png
211007,0602_light_clear_smooth_04000660.png,0602_light_clear_smooth_04900660.png
211007,0602_light_clear_smooth_04000661.png,0602_light_clear_smooth_04900661.png
211007,0602_light_clear_smooth_04000662.png,0602_light_clear_smooth_04900662.png
211007,0602_light_clear_smooth_04000663.png,0602_light_clear_smooth_04900663.png
211007,0602_light_clear_smooth_04000664.png,0602_light_clear_smooth_04900664.png
211007,0602_light_clear_smooth_04000665.png,0602_light_clear_smooth_04900665.png
211007,0602_light_clear_smooth_04000666.png,0602_light_clear_smooth_04900666.png
211007,0602_light_clear_smooth_04000667.png,0602_light_clear_smooth_04900667.png
211007,0602_light_clear_smooth_04000668.png,0602_light_clear_smooth_04900668.png
211007,0602_light_clear_smooth_04000669.png,0602_light_clear_smooth_04900669.png
211007,0602_light_clear_smooth_04000670.png,0602_light_clear_smooth_04900670.png
211007,0602_light_clear_smooth_04000671.png,0602_light_clear_smooth_04900671.png
211007,0602_light_clear_smooth_04000672.png,0602_light_clear_smooth_04900672.png
211007,0602_light_clear_smooth_04000673.png,0602_light_clear_smooth_04900673.png
211007,0602_light_clear_smooth_04000674.png,0602_light_clear_smooth_04900674.png
211007,0602_light_clear_smooth_04000675.png,0602_light_clear_smooth_04900675.png
211007,0602_light_clear_smooth_04000676.png,0602_light_clear_smooth_04900676.png
211007,0602_light_clear_smooth_04000677.png,0602_light_clear_smooth_04900677.png
211007,0602_light_clear_smooth_04000678.png,0602_light_clear_smooth_04900678.png
211007,0602_light_clear_smooth_04000679.png,0602_light_clear_smooth_04900679.png
211007,0602_light_clear_smooth_04000680.png,0602_light_clear_smooth_04900680.png
211007,0602_light_clear_smooth_04000681.png,0602_light_clear_smooth_04900681.png
211007,0602_light_clear_smooth_04000682.png,0602_light_clear_smooth_04900682.png
211007,0602_light_clear_smooth_04000683.png,0602_light_clear_smooth_04900683.png
211007,0602_light_clear_smooth_04000684.png,0602_light_clear_smooth_04900684.png
211007,0602_light_clear_smooth_04000685.png,0602_light_clear_smooth_04900685.png
211007,0602_light_clear_smooth_04000686.png,0602_light_clear_smooth_04900686.png
211007,0602_light_clear_smooth_04000687.png,0602_light_clear_smooth_04900687.png
211007,0602_light_clear_smooth_04000688.png,0602_light_clear_smooth_04900688.png
211007,0602_light_clear_smooth_04000689.png,0602_light_clear_smooth_04900689.png
211007,0602_light_clear_smooth_04000690.png,0602_light_clear_smooth_04900690.png
211007,0602_light_clear_smooth_04000691.png,0602_light_clear_smooth_04900691.png
211007,0602_light_clear_smooth_04000692.png,0602_light_clear_smooth_04900692.png
211007,0602_light_clear_smooth_04000693.png,0602_light_clear_smooth_04900693.png
211007,0602_light_clear_smooth_04000694.png,0602_light_clear_smooth_04900694.png
211007,0602_light_clear_smooth_04000695.png,0602_light_clear_smooth_04900695.png
211007,0602_light_clear_smooth_04000696.png,0602_light_clear_smooth_04900696.png
211007,0602_light_clear_smooth_04000697.png,0602_light_clear_smooth_04900697.png
211007,0602_light_clear_smooth_04000698.png,0602_light_clear_smooth_04900698.png
211007,0602_light_clear_smooth_04000699.png,0602_light_clear_smooth_04900699.png
211007,0602_light_clear_smooth_04000700.png,0602_light_clear_smooth_04900700.png
211007,0602_light_clear_smooth_04000701.png,0602_light_clear_smooth_04900701.png
211007,0602_light_clear_smooth_04000702.png,0602_light_clear_smooth_04900702.png
211007,0602_light_clear_smooth_04000703.png,0602_light_clear_smooth_04900703.png
211007,0602_light_clear_smooth_04000704.png,0602_light_clear_smooth_04900704.png
211007,0602_light_clear_smooth_04000705.png,0602_light_clear_smooth_04900705.png
211007,0602_light_clear_smooth_04000706.png,0602_light_clear_smooth_04900706.png
211007,0602_light_clear_smooth_04000707.png,0602_light_clear_smooth_04900707.png
211007,0602_light_clear_smooth_04000708.png,0602_light_clear_smooth_04900708.png
211007,0602_light_clear_smooth_04000709.png,0602_light_clear_smooth_04900709.png
211007,0602_light_clear_smooth_04000710.png,0602_light_clear_smooth_04900710.png
211007,0602_light_clear_smooth_04000711.png,0602_light_clear_smooth_04900711.png
211007,0602_light_clear_smooth_04000712.png,0602_light_clear_smooth_04900712.png
211007,0602_light_clear_smooth_04000713.png,0602_light_clear_smooth_04900713.png
211007,0602_light_clear_smooth_04000714.png,0602_light_clear_smooth_04900714.png
211007,0602_light_clear_smooth_04000715.png,0602_light_clear_smooth_04900715.png
211007,0602_light_clear_smooth_04000716.png,0602_light_clear_smooth_04900716.png
211007,0602_light_clear_smooth_04000717.png,0602_light_clear_smooth_04900717.png
211007,0602_light_clear_smooth_04000718.png,0602_light_clear_smooth_04900718.png
211007,0602_light_clear_smooth_04000719.png,0602_light_clear_smooth_04900719.png
211007,0602_light_clear_smooth_04000720.png,0602_light_clear_smooth_04900720.png
211007,0602_light_clear_smooth_04000721.png,0602_light_clear_smooth_04900721.png
211007,0602_light_clear_smooth_04000722.png,0602_light_clear_smooth_04900722.png
211007,0602_light_clear_smooth_04000723.png,0602_light_clear_smooth_04900723.png
211007,0602_light_clear_smooth_04000724.png,0602_light_clear_smooth_04900724.png
211007,0602_light_clear_smooth_04000725.png,0602_light_clear_smooth_04900725.png
211007,0602_light_clear_smooth_04000726.png,0602_light_clear_smooth_04900726.png
211007,0602_light_clear_smooth_04000727.png,0602_light_clear_smooth_04900727.png
211007,0602_light_clear_smooth_04000728.png,0602_light_clear_smooth_04900728.png
211007,0602_light_clear_smooth_04000729.png,0602_light_clear_smooth_04900729.png
211007,0602_light_clear_smooth_04000730.png,0602_light_clear_smooth_04900730.png
211007,0602_light_clear_smooth_04000731.png,0602_light_clear_smooth_04900731.png
211007,0602_light_clear_smooth_04000732.png,0602_light_clear_smooth_04900732.png
211007,0602_light_clear_smooth_04000733.png,0602_light_clear_smooth_04900733.png
211007,0602_light_clear_smooth_04000734.png,0602_light_clear_smooth_04900734.png
211007,0602_light_clear_smooth_04000735.png,0602_light_clear_smooth_04900735.png
211007,0602_light_clear_smooth_04000736.png,0602_light_clear_smooth_04900736.png
211007,0602_light_clear_smooth_04000737.png,0602_light_clear_smooth_04900737.png
211007,0602_light_clear_smooth_04000738.png,0602_light_clear_smooth_04900738.png
211007,0602_light_clear_smooth_04000739.png,0602_light_clear_smooth_04900739.png
211007,0602_light_clear_smooth_04000740.png,0602_light_clear_smooth_04900740.png
211007,0602_light_clear_smooth_04000741.png,0602_light_clear_smooth_04900741.png
211007,0602_light_clear_smooth_04000742.png,0602_light_clear_smooth_04900742.png
211007,0602_light_clear_smooth_04000743.png,0602_light_clear_smooth_04900743.png
211007,0602_light_clear_smooth_04000744.png,0602_light_clear_smooth_04900744.png
211007,0602_light_clear_smooth_04000745.png,0602_light_clear_smooth_04900745.png
211007,0602_light_clear_smooth_04000746.png,0602_light_clear_smooth_04900746.png
211007,0602_light_clear_smooth_04000747.png,0602_light_clear_smooth_04900747.png
211007,0602_light_clear_smooth_04000748.png,0602_light_clear_smooth_04900748.png
211007,0602_light_clear_smooth_04000749.png,0602_light_clear_smooth_04900749.png
211007,0602_light_clear_smooth_04000750.png,0602_light_clear_smooth_04900750.png
211007,0602_light_clear_smooth_04000751.png,0602_light_clear_smooth_04900751.png
211007,0602_light_clear_smooth_04000752.png,0602_light_clear_smooth_04900752.png
211007,0602_light_clear_smooth_04000753.png,0602_light_clear_smooth_04900753.png
211007,0602_light_clear_smooth_04000754.png,0602_light_clear_smooth_04900754.png
211007,0602_light_clear_smooth_04000755.png,0602_light_clear_smooth_04900755.png
211007,0602_light_clear_smooth_04000756.png,0602_light_clear_smooth_04900756.png
211007,0602_light_clear_smooth_04000757.png,0602_light_clear_smooth_04900757.png
211007,0602_light_clear_smooth_04000758.png,0602_light_clear_smooth_04900758.png
211007,0602_light_clear_smooth_04000759.png,0602_light_clear_smooth_04900759.png
211007,0602_light_clear_smooth_04000760.png,0602_light_clear_smooth_04900760.png
211007,0602_light_clear_smooth_04000761.png,0602_light_clear_smooth_04900761.png
211007,0602_light_clear_smooth_04000762.png,0602_light_clear_smooth_04900762.png
211007,0602_light_clear_smooth_04000763.png,0602_light_clear_smooth_04900763.png
211007,0602_light_clear_smooth_04000764.png,0602_light_clear_smooth_04900764.png
211007,0602_light_clear_smooth_04000765.png,0602_light_clear_smooth_04900765.png
211007,0602_light_clear_smooth_04000766.png,0602_light_clear_smooth_04900766.png
211007,0602_light_clear_smooth_04000767.png,0602_light_clear_smooth_04900767.png
211007,0602_light_clear_smooth_04000768.png,0602_light_clear_smooth_04900768.png
211007,0602_light_clear_smooth_04000769.png,0602_light_clear_smooth_04900769.png
211007,0602_light_clear_smooth_04000770.png,0602_light_clear_smooth_04900770.png
211007,0602_light_clear_smooth_04000771.png,0602_light_clear_smooth_04900771.png
211007,0602_light_clear_smooth_04000772.png,0602_light_clear_smooth_04900772.png
211007,0602_light_clear_smooth_04000773.png,0602_light_clear_smooth_04900773.png
211007,0602_light_clear_smooth_04000774.png,0602_light_clear_smooth_04900774.png
211007,0602_light_clear_smooth_04000775.png,0602_light_clear_smooth_04900775.png
211007,0602_light_clear_smooth_04000776.png,0602_light_clear_smooth_04900776.png
211007,0602_light_clear_smooth_04000777.png,0602_light_clear_smooth_04900777.png
211007,0602_light_clear_smooth_04000778.png,0602_light_clear_smooth_04900778.png
211007,0602_light_clear_smooth_04000779.png,0602_light_clear_smooth_04900779.png
211007,0602_light_clear_smooth_04000780.png,0602_light_clear_smooth_04900780.png
211007,0602_light_clear_smooth_04000781.png,0602_light_clear_smooth_04900781.png
211007,0602_light_clear_smooth_04000782.png,0602_light_clear_smooth_04900782.png
211007,0602_light_clear_smooth_04000783.png,0602_light_clear_smooth_04900783.png
211007,0602_light_clear_smooth_04000784.png,0602_light_clear_smooth_04900784.png
211007,0602_light_clear_smooth_04000785.png,0602_light_clear_smooth_04900785.png
211007,0602_light_clear_smooth_04000786.png,0602_light_clear_smooth_04900786.png
211007,0602_light_clear_smooth_04000787.png,0602_light_clear_smooth_04900787.png
211007,0602_light_clear_smooth_04000788.png,0602_light_clear_smooth_04900788.png
211007,0602_light_clear_smooth_04000789.png,0602_light_clear_smooth_04900789.png
211007,0602_light_clear_smooth_04000790.png,0602_light_clear_smooth_04900790.png
211007,0602_light_clear_smooth_04000791.png,0602_light_clear_smooth_04900791.png
211007,0602_light_clear_smooth_04000792.png,0602_light_clear_smooth_04900792.png
211007,0602_light_clear_smooth_04000793.png,0602_light_clear_smooth_04900793.png
211007,0602_light_clear_smooth_04000794.png,0602_light_clear_smooth_04900794.png
211007,0602_light_clear_smooth_04000795.png,0602_light_clear_smooth_04900795.png
211007,0602_light_clear_smooth_04000796.png,0602_light_clear_smooth_04900796.png
211007,0602_light_clear_smooth_04000797.png,0602_light_clear_smooth_04900797.png
211007,0602_light_clear_smooth_04000798.png,0602_light_clear_smooth_04900798.png
211007,0602_light_clear_smooth_04000799.png,0602_light_clear_smooth_04900799.png
211007,0602_light_clear_smooth_04000800.png,0602_light_clear_smooth_04900800.png
211007,0602_light_clear_smooth_04000801.png,0602_light_clear_smooth_04900801.png
211007,0602_light_clear_smooth_04000802.png,0602_light_clear_smooth_04900802.png
211007,0602_light_clear_smooth_04000803.png,0602_light_clear_smooth_04900803.png
211007,0602_light_clear_smooth_04000804.png,0602_light_clear_smooth_04900804.png
211007,0602_light_clear_smooth_04000805.png,0602_light_clear_smooth_04900805.png
211007,0602_light_clear_smooth_04000806.png,0602_light_clear_smooth_04900806.png
211007,0602_light_clear_smooth_04000807.png,0602_light_clear_smooth_04900807.png
211007,0602_light_clear_smooth_04000808.png,0602_light_clear_smooth_04900808.png
211007,0602_light_clear_smooth_04000809.png,0602_light_clear_smooth_04900809.png
211007,0602_light_clear_smooth_04000810.png,0602_light_clear_smooth_04900810.png
211007,0602_light_clear_smooth_04000811.png,0602_light_clear_smooth_04900811.png
211007,0602_light_clear_smooth_04000812.png,0602_light_clear_smooth_04900812.png
211007,0602_light_clear_smooth_04000813.png,0602_light_clear_smooth_04900813.png
211007,0602_light_clear_smooth_04000814.png,0602_light_clear_smooth_04900814.png
211007,0602_light_clear_smooth_04000815.png,0602_light_clear_smooth_04900815.png
211007,0602_light_clear_smooth_04000816.png,0602_light_clear_smooth_04900816.png
211007,0602_light_clear_smooth_04000817.png,0602_light_clear_smooth_04900817.png
211007,0602_light_clear_smooth_04000818.png,0602_light_clear_smooth_04900818.png
211007,0602_light_clear_smooth_04000819.png,0602_light_clear_smooth_04900819.png
211007,0602_light_clear_smooth_04000820.png,0602_light_clear_smooth_04900820.png
211007,0602_light_clear_smooth_04000821.png,0602_light_clear_smooth_04900821.png
211007,0602_light_clear_smooth_04000822.png,0602_light_clear_smooth_04900822.png
211007,0602_light_clear_smooth_04000823.png,0602_light_clear_smooth_04900823.png
211026,0603_light_clear_smooth_10000000.png,0603_light_clear_smooth_10900000.png
211026,0603_light_clear_smooth_10000001.png,0603_light_clear_smooth_10900001.png
211026,0603_light_clear_smooth_10000002.png,0603_light_clear_smooth_10900002.png
211026,0603_light_clear_smooth_10000003.png,0603_light_clear_smooth_10900003.png
211026,0603_light_clear_smooth_10000004.png,0603_light_clear_smooth_10900004.png
211026,0603_light_clear_smooth_10000005.png,0603_light_clear_smooth_10900005.png
211026,0603_light_clear_smooth_10000006.png,0603_light_clear_smooth_10900006.png
211026,0603_light_clear_smooth_10000007.png,0603_light_clear_smooth_10900007.png
211026,0603_light_clear_smooth_10000008.png,0603_light_clear_smooth_10900008.png
211026,0603_light_clear_smooth_10000009.png,0603_light_clear_smooth_10900009.png
211026,0604_light_clear_smooth_10000000.png,0604_light_clear_smooth_10900000.png
211026,0604_light_clear_smooth_10000001.png,0604_light_clear_smooth_10900001.png
211026,0604_light_clear_smooth_10000002.png,0604_light_clear_smooth_10900002.png
211026,0604_light_clear_smooth_10000003.png,0604_light_clear_smooth_10900003.png
211026,0604_light_clear_smooth_10000004.png,0604_light_clear_smooth_10900004.png
211026,0604_light_clear_smooth_10000005.png,0604_light_clear_smooth_10900005.png
211026,0604_light_clear_smooth_10000006.png,0604_light_clear_smooth_10900006.png
211026,0703_light_clear_smooth_10000000.png,0703_light_clear_smooth_10900000.png
211026,0703_light_clear_smooth_10000001.png,0703_light_clear_smooth_10900001.png
211026,0703_light_clear_smooth_10000002.png,0703_light_clear_smooth_10900002.png
211026,0703_light_clear_smooth_10000003.png,0703_light_clear_smooth_10900003.png
211026,0703_light_clear_smooth_10000004.png,0703_light_clear_smooth_10900004.png
211026,0703_light_clear_smooth_10000005.png,0703_light_clear_smooth_10900005.png
211026,0703_light_clear_smooth_10000006.png,0703_light_clear_smooth_10900006.png
211026,0703_light_clear_smooth_10000007.png,0703_light_clear_smooth_10900007.png
211026,0703_light_clear_smooth_10000008.png,0703_light_clear_smooth_10900008.png
211026,0703_light_clear_smooth_10000009.png,0703_light_clear_smooth_10900009.png
211026,0703_light_clear_smooth_10000010.png,0703_light_clear_smooth_10900010.png
211026,0703_light_clear_smooth_10000011.png,0703_light_clear_smooth_10900011.png
211026,0703_light_clear_smooth_10000012.png,0703_light_clear_smooth_10900012.png
211026,0703_light_clear_smooth_10000013.png,0703_light_clear_smooth_10900013.png
211026,0703_light_clear_smooth_10000014.png,0703_light_clear_smooth_10900014.png
211026,0703_light_clear_smooth_10000015.png,0703_light_clear_smooth_10900015.png
211026,0703_light_clear_smooth_10000016.png,0703_light_clear_smooth_10900016.png
211026,0703_light_clear_smooth_10000017.png,0703_light_clear_smooth_10900017.png
211026,0703_light_clear_smooth_10000018.png,0703_light_clear_smooth_10900018.png
211026,0703_light_clear_smooth_10000019.png,0703_light_clear_smooth_10900019.png
211026,0703_light_clear_smooth_10000020.png,0703_light_clear_smooth_10900020.png
211026,0703_light_clear_smooth_10000021.png,0703_light_clear_smooth_10900021.png
211026,0703_light_clear_smooth_10000022.png,0703_light_clear_smooth_10900022.png
211026,0703_light_clear_smooth_10000023.png,0703_light_clear_smooth_10900023.png
210915,0704_light_clear_smooth_01000013.png,0704_light_clear_smooth_01900013.png
210915,0704_light_clear_smooth_01000014.png,0704_light_clear_smooth_01900014.png
210915,0704_light_clear_smooth_01000015.png,0704_light_clear_smooth_01900015.png
210915,0704_light_clear_smooth_01000016.png,0704_light_clear_smooth_01900016.png
210915,0704_light_clear_smooth_01000017.png,0704_light_clear_smooth_01900017.png
210915,0704_light_clear_smooth_01000018.png,0704_light_clear_smooth_01900018.png
210915,0704_light_clear_smooth_01000019.png,0704_light_clear_smooth_01900019.png
210915,0704_light_clear_smooth_01000020.png,0704_light_clear_smooth_01900020.png
210915,0704_light_clear_smooth_01000021.png,0704_light_clear_smooth_01900021.png
210915,0704_light_clear_smooth_01000022.png,0704_light_clear_smooth_01900022.png
210915,0704_light_clear_smooth_01000023.png,0704_light_clear_smooth_01900023.png
211005,0704_light_clear_smooth_01000024.png,0704_light_clear_smooth_01900024.png
211005,0704_light_clear_smooth_01000025.png,0704_light_clear_smooth_01900025.png
211005,0704_light_clear_smooth_01000026.png,0704_light_clear_smooth_01900026.png
211005,0704_light_clear_smooth_01000027.png,0704_light_clear_smooth_01900027.png
211005,0704_light_clear_smooth_01000028.png,0704_light_clear_smooth_01900028.png
210915,0704_light_clear_smooth_04000010.png,0704_light_clear_smooth_04900010.png
210915,0704_light_clear_smooth_04000011.png,0704_light_clear_smooth_04900011.png
210915,0704_light_clear_smooth_04000012.png,0704_light_clear_smooth_04900012.png
210915,0704_light_clear_smooth_04000013.png,0704_light_clear_smooth_04900013.png
210915,0704_light_clear_smooth_04000014.png,0704_light_clear_smooth_04900014.png
210915,0704_light_clear_smooth_04000015.png,0704_light_clear_smooth_04900015.png
210915,0704_light_clear_smooth_04000016.png,0704_light_clear_smooth_04900016.png
210915,0704_light_clear_smooth_04000017.png,0704_light_clear_smooth_04900017.png
210915,0704_light_clear_smooth_04000018.png,0704_light_clear_smooth_04900018.png
210915,0704_light_clear_smooth_04000019.png,0704_light_clear_smooth_04900019.png
210915,0704_light_clear_smooth_04000020.png,0704_light_clear_smooth_04900020.png
211026,0704_light_clear_smooth_10000000.png,0704_light_clear_smooth_10900000.png
210910,0802_light_clear_smooth_06000016.png,0802_light_clear_smooth_06900016.png
211012,0806_light_clear_smooth_03000002.png,0806_light_clear_smooth_03900002.png
211026,1101_light_clear_smooth_10000000.png,1101_light_clear_smooth_10900000.png
211026,1101_light_clear_smooth_10000001.png,1101_light_clear_smooth_10900001.png
211026,1101_light_clear_smooth_10000002.png,1101_light_clear_smooth_10900002.png
211026,1101_light_clear_smooth_10000003.png,1101_light_clear_smooth_10900003.png
210910,1203_light_clear_smooth_06000004.png,1203_light_clear_smooth_06900004.png
210924,1301_night_clear_smooth_06000000.png,1301_night_clear_smooth_06900000.png
210924,1301_night_clear_smooth_06000001.png,1301_night_clear_smooth_06900001.png
210924,1301_night_clear_smooth_06000002.png,1301_night_clear_smooth_06900002.png
210924,1301_night_clear_smooth_06000003.png,1301_night_clear_smooth_06900003.png
210924,1301_night_clear_smooth_06000004.png,1301_night_clear_smooth_06900004.png
210924,1301_night_clear_smooth_06000005.png,1301_night_clear_smooth_06900005.png
210924,1301_night_clear_smooth_06000006.png,1301_night_clear_smooth_06900006.png
210924,1301_night_clear_smooth_06000007.png,1301_night_clear_smooth_06900007.png
210924,1301_night_clear_smooth_06000008.png,1301_night_clear_smooth_06900008.png
210924,1301_night_clear_smooth_06000009.png,1301_night_clear_smooth_06900009.png
210924,1301_night_clear_smooth_06000010.png,1301_night_clear_smooth_06900010.png
210924,1301_night_clear_smooth_06000011.png,1301_night_clear_smooth_06900011.png
210924,1301_night_clear_smooth_06000012.png,1301_night_clear_smooth_06900012.png
210924,1301_night_clear_smooth_06000013.png,1301_night_clear_smooth_06900013.png
210924,1301_night_clear_smooth_06000014.png,1301_night_clear_smooth_06900014.png
210924,1301_night_clear_smooth_06000015.png,1301_night_clear_smooth_06900015.png
210924,1301_night_clear_smooth_06000016.png,1301_night_clear_smooth_06900016.png
210924,1301_night_clear_smooth_06000017.png,1301_night_clear_smooth_06900017.png
210924,1301_night_clear_smooth_06000018.png,1301_night_clear_smooth_06900018.png
210924,1301_night_clear_smooth_06000019.png,1301_night_clear_smooth_06900019.png
210924,1301_night_clear_smooth_06000020.png,1301_night_clear_smooth_06900020.png
210924,1301_night_clear_smooth_06000021.png,1301_night_clear_smooth_06900021.png
210924,1301_night_clear_smooth_06000022.png,1301_night_clear_smooth_06900022.png
210924,1302_night_clear_smooth_06000000.png,1302_night_clear_smooth_06900000.png
210924,1302_night_clear_smooth_06000001.png,1302_night_clear_smooth_06900001.png
210924,1302_night_clear_smooth_06000002.png,1302_night_clear_smooth_06900002.png
210924,1302_night_clear_smooth_06000003.png,1302_night_clear_smooth_06900003.png
210924,1303_night_clear_smooth_06000000.png,1303_night_clear_smooth_06900000.png
210924,1303_night_clear_smooth_06000001.png,1303_night_clear_smooth_06900001.png
210924,1303_night_clear_smooth_06000002.png,1303_night_clear_smooth_06900002.png
210924,1303_night_clear_smooth_06000003.png,1303_night_clear_smooth_06900003.png
210924,1303_night_clear_smooth_06000004.png,1303_night_clear_smooth_06900004.png
210924,1303_night_clear_smooth_06000005.png,1303_night_clear_smooth_06900005.png
211026,1602_light_clear_smooth_10000000.png,1602_light_clear_smooth_10900000.png
211026,1602_light_clear_smooth_10000001.png,1602_light_clear_smooth_10900001.png
211026,1602_light_clear_smooth_10000002.png,1602_light_clear_smooth_10900002.png
211026,1602_light_clear_smooth_10000003.png,1602_light_clear_smooth_10900003.png
211026,1602_light_clear_smooth_10000004.png,1602_light_clear_smooth_10900004.png
211026,1602_light_clear_smooth_10000005.png,1602_light_clear_smooth_10900005.png
211026,1602_light_clear_smooth_10000006.png,1602_light_clear_smooth_10900006.png
211026,1602_light_clear_smooth_10000007.png,1602_light_clear_smooth_10900007.png
211026,1602_light_clear_smooth_10000008.png,1602_light_clear_smooth_10900008.png
211026,1602_light_clear_smooth_10000009.png,1602_light_clear_smooth_10900009.png
211026,1602_light_clear_smooth_10000010.png,1602_light_clear_smooth_10900010.png
211026,1602_light_clear_smooth_10000011.png,1602_light_clear_smooth_10900011.png
211026,1602_light_clear_smooth_10000012.png,1602_light_clear_smooth_10900012.png
211026,1602_light_clear_smooth_10000013.png,1602_light_clear_smooth_10900013.png
211026,1602_light_clear_smooth_10000014.png,1602_light_clear_smooth_10900014.png
211026,1602_light_clear_smooth_10000015.png,1602_light_clear_smooth_10900015.png
211026,1602_light_clear_smooth_10000016.png,1602_light_clear_smooth_10900016.png
211026,1602_light_clear_smooth_10000017.png,1602_light_clear_smooth_10900017.png
211026,1602_light_clear_smooth_10000018.png,1602_light_clear_smooth_10900018.png
211026,1602_light_clear_smooth_10000019.png,1602_light_clear_smooth_10900019.png
211026,1602_light_clear_smooth_10000020.png,1602_light_clear_smooth_10900020.png
211026,1602_light_clear_smooth_10000021.png,1602_light_clear_smooth_10900021.png
211026,1602_light_clear_smooth_10000022.png,1602_light_clear_smooth_10900022.png
211026,1602_light_clear_smooth_10000023.png,1602_light_clear_smooth_10900023.png
211026,1602_light_clear_smooth_10000024.png,1602_light_clear_smooth_10900024.png
211026,1602_light_clear_smooth_10000025.png,1602_light_clear_smooth_10900025.png
211026,1602_light_clear_smooth_10000026.png,1602_light_clear_smooth_10900026.png
211026,1602_light_clear_smooth_10000027.png,1602_light_clear_smooth_10900027.png
211026,1602_light_clear_smooth_10000028.png,1602_light_clear_smooth_10900028.png
211026,1602_light_clear_smooth_10000029.png,1602_light_clear_smooth_10900029.png
211026,1602_light_clear_smooth_10000030.png,1602_light_clear_smooth_10900030.png
211026,1602_light_clear_smooth_10000031.png,1602_light_clear_smooth_10900031.png
211026,1602_light_clear_smooth_10000032.png,1602_light_clear_smooth_10900032.png
211026,1602_light_clear_smooth_10000033.png,1602_light_clear_smooth_10900033.png
211026,1602_light_clear_smooth_10000034.png,1602_light_clear_smooth_10900034.png
211026,1602_light_clear_smooth_10000035.png,1602_light_clear_smooth_10900035.png
211026,1602_light_clear_smooth_10000036.png,1602_light_clear_smooth_10900036.png
211026,1602_light_clear_smooth_10000037.png,1602_light_clear_smooth_10900037.png
211026,1602_light_clear_smooth_10000038.png,1602_light_clear_smooth_10900038.png
211026,1602_light_clear_smooth_10000039.png,1602_light_clear_smooth_10900039.png
211026,1602_light_clear_smooth_10000040.png,1602_light_clear_smooth_10900040.png
211026,1602_light_clear_smooth_10000041.png,1602_light_clear_smooth_10900041.png
211026,1602_light_clear_smooth_10000042.png,1602_light_clear_smooth_10900042.png
211026,1602_light_clear_smooth_10000043.png,1602_light_clear_smooth_10900043.png
211026,1602_light_clear_smooth_10000044.png,1602_light_clear_smooth_10900044.png
211026,1602_light_clear_smooth_10000045.png,1602_light_clear_smooth_10900045.png
211026,1602_light_clear_traffic_10000000.png,1602_light_clear_traffic_10900000.png
211026,1602_light_clear_traffic_10000001.png,1602_light_clear_traffic_10900001.png
211026,1602_light_clear_traffic_10000002.png,1602_light_clear_traffic_10900002.png
211026,1602_light_clear_traffic_10000003.png,1602_light_clear_traffic_10900003.png
211026,1602_light_clear_traffic_10000004.png,1602_light_clear_traffic_10900004.png
211026,1602_light_clear_traffic_10000005.png,1602_light_clear_traffic_10900005.png
211026,1602_light_clear_traffic_10000006.png,1602_light_clear_traffic_10900006.png
211026,1602_light_clear_traffic_10000007.png,1602_light_clear_traffic_10900007.png
211026,1602_light_clear_traffic_10000008.png,1602_light_clear_traffic_10900008.png
211026,1602_light_clear_traffic_10000009.png,1602_light_clear_traffic_10900009.png
211026,1602_light_clear_traffic_10000010.png,1602_light_clear_traffic_10900010.png
211026,1602_light_clear_traffic_10000011.png,1602_light_clear_traffic_10900011.png
211026,1602_light_clear_traffic_10000012.png,1602_light_clear_traffic_10900012.png
211026,1602_light_clear_traffic_10000013.png,1602_light_clear_traffic_10900013.png
211026,1602_light_clear_traffic_10000014.png,1602_light_clear_traffic_10900014.png
211026,1602_light_clear_traffic_10000015.png,1602_light_clear_traffic_10900015.png
211026,1602_light_clear_traffic_10000016.png,1602_light_clear_traffic_10900016.png
211026,1602_light_clear_traffic_10000017.png,1602_light_clear_traffic_10900017.png
211026,1602_light_clear_traffic_10000018.png,1602_light_clear_traffic_10900018.png
211026,1602_light_clear_traffic_10000019.png,1602_light_clear_traffic_10900019.png
211026,1602_light_clear_traffic_10000020.png,1602_light_clear_traffic_10900020.png
211026,1602_light_clear_traffic_10000021.png,1602_light_clear_traffic_10900021.png
211026,1602_light_clear_traffic_10000022.png,1602_light_clear_traffic_10900022.png
211026,1602_light_clear_traffic_10000023.png,1602_light_clear_traffic_10900023.png
211026,1602_light_clear_traffic_10000024.png,1602_light_clear_traffic_10900024.png
211026,1602_light_clear_traffic_10000025.png,1602_light_clear_traffic_10900025.png
211026,1602_light_clear_traffic_10000026.png,1602_light_clear_traffic_10900026.png
211026,1602_light_clear_traffic_10000027.png,1602_light_clear_traffic_10900027.png
211026,1602_light_clear_traffic_10000028.png,1602_light_clear_traffic_10900028.png
211026,1602_light_clear_traffic_10000029.png,1602_light_clear_traffic_10900029.png
211026,1602_light_clear_traffic_10000030.png,1602_light_clear_traffic_10900030.png
211026,1602_light_clear_traffic_10000031.png,1602_light_clear_traffic_10900031.png
211026,1602_light_clear_traffic_10000032.png,1602_light_clear_traffic_10900032.png
211026,1602_light_clear_traffic_10000033.png,1602_light_clear_traffic_10900033.png
211026,1602_light_clear_traffic_10000034.png,1602_light_clear_traffic_10900034.png
211026,1602_light_clear_traffic_10000035.png,1602_light_clear_traffic_10900035.png
211026,1602_light_clear_traffic_10000036.png,1602_light_clear_traffic_10900036.png
211026,1602_light_clear_traffic_10000037.png,1602_light_clear_traffic_10900037.png
211026,1602_light_clear_traffic_10000038.png,1602_light_clear_traffic_10900038.png
211026,1602_light_clear_traffic_10000039.png,1602_light_clear_traffic_10900039.png
211026,1602_light_clear_traffic_10000040.png,1602_light_clear_traffic_10900040.png
211026,1602_light_clear_traffic_10000041.png,1602_light_clear_traffic_10900041.png
211026,1602_light_clear_traffic_10000042.png,1602_light_clear_traffic_10900042.png
211026,1602_light_clear_traffic_10000043.png,1602_light_clear_traffic_10900043.png
211026,1602_light_clear_traffic_10000044.png,1602_light_clear_traffic_10900044.png
211026,1602_light_clear_traffic_10000045.png,1602_light_clear_traffic_10900045.png
211026,1602_light_clear_traffic_10000046.png,1602_light_clear_traffic_10900046.png
211026,1602_light_clear_traffic_10000047.png,1602_light_clear_traffic_10900047.png
211026,1602_light_clear_traffic_10000048.png,1602_light_clear_traffic_10900048.png
211026,1602_light_clear_traffic_10000049.png,1602_light_clear_traffic_10900049.png
211026,1602_light_clear_traffic_10000050.png,1602_light_clear_traffic_10900050.png
211026,1602_light_clear_traffic_10000051.png,1602_light_clear_traffic_10900051.png
211012,1602_light_clear_traffic_10000052.png,1602_light_clear_traffic_10900052.png
211026,1605_light_clear_traffic_10000000.png,1605_light_clear_traffic_10900000.png
211026,1605_light_clear_traffic_10000001.png,1605_light_clear_traffic_10900001.png
211026,1605_light_clear_traffic_10000002.png,1605_light_clear_traffic_10900002.png
211026,1605_light_clear_traffic_10000003.png,1605_light_clear_traffic_10900003.png
211026,1605_light_clear_traffic_10000004.png,1605_light_clear_traffic_10900004.png
211026,1605_light_clear_traffic_10000005.png,1605_light_clear_traffic_10900005.png
211026,1605_light_clear_traffic_10000006.png,1605_light_clear_traffic_10900006.png
211026,1605_light_clear_traffic_10000007.png,1605_light_clear_traffic_10900007.png
211026,1605_light_clear_traffic_10000008.png,1605_light_clear_traffic_10900008.png
211026,1605_light_clear_traffic_10000009.png,1605_light_clear_traffic_10900009.png
211026,1605_light_clear_traffic_10000010.png,1605_light_clear_traffic_10900010.png
211026,1605_light_clear_traffic_10000011.png,1605_light_clear_traffic_10900011.png
211026,1605_light_clear_traffic_10000012.png,1605_light_clear_traffic_10900012.png
211026,1605_light_clear_traffic_10000013.png,1605_light_clear_traffic_10900013.png
211026,1605_light_clear_traffic_10000014.png,1605_light_clear_traffic_10900014.png
211026,1605_light_clear_traffic_10000015.png,1605_light_clear_traffic_10900015.png
211026,1605_light_clear_traffic_10000016.png,1605_light_clear_traffic_10900016.png
211026,1605_light_clear_traffic_10000017.png,1605_light_clear_traffic_10900017.png
211026,1605_light_clear_traffic_10000018.png,1605_light_clear_traffic_10900018.png
211026,1605_light_clear_traffic_10000019.png,1605_light_clear_traffic_10900019.png
211026,1605_light_clear_traffic_10000020.png,1605_light_clear_traffic_10900020.png
211026,1605_light_clear_traffic_10000021.png,1605_light_clear_traffic_10900021.png
211026,1605_light_clear_traffic_10000022.png,1605_light_clear_traffic_10900022.png
211026,1605_light_clear_traffic_10000023.png,1605_light_clear_traffic_10900023.png
211026,1605_light_clear_traffic_10000024.png,1605_light_clear_traffic_10900024.png
211026,1605_light_clear_traffic_10000025.png,1605_light_clear_traffic_10900025.png
211020,1701_light_clear_smooth_04000253.png,1701_light_clear_smooth_04900253.png
211005,1705_light_clear_smooth_01000084.png,1705_light_clear_smooth_01900084.png
211005,1705_light_clear_smooth_01000085.png,1705_light_clear_smooth_01900085.png
211005,1705_light_clear_smooth_01000086.png,1705_light_clear_smooth_01900086.png
211005,1705_light_clear_smooth_01000087.png,1705_light_clear_smooth_01900087.png
211005,1705_light_clear_smooth_01000088.png,1705_light_clear_smooth_01900088.png
211005,1705_light_clear_smooth_01000089.png,1705_light_clear_smooth_01900089.png
211005,1705_light_clear_smooth_01000090.png,1705_light_clear_smooth_01900090.png
211005,1705_light_clear_smooth_01000091.png,1705_light_clear_smooth_01900091.png
211005,1705_light_clear_smooth_01000092.png,1705_light_clear_smooth_01900092.png
211026,1706_light_clear_traffic_10000000.png,1706_light_clear_traffic_10900000.png
211026,1706_light_clear_traffic_10000001.png,1706_light_clear_traffic_10900001.png
211026,1706_light_clear_traffic_10000002.png,1706_light_clear_traffic_10900002.png
211026,1706_light_clear_traffic_10000003.png,1706_light_clear_traffic_10900003.png
211026,1706_light_clear_traffic_10000004.png,1706_light_clear_traffic_10900004.png
211026,1706_light_clear_traffic_10000005.png,1706_light_clear_traffic_10900005.png
211026,1706_light_clear_traffic_10000006.png,1706_light_clear_traffic_10900006.png
211026,1706_light_clear_traffic_10000007.png,1706_light_clear_traffic_10900007.png
211026,1706_light_clear_traffic_10000008.png,1706_light_clear_traffic_10900008.png
211026,1707_light_clear_smooth_10000000.png,1707_light_clear_smooth_10900000.png
211026,1707_light_clear_smooth_10000001.png,1707_light_clear_smooth_10900001.png
211026,1707_light_clear_smooth_10000002.png,1707_light_clear_smooth_10900002.png
211026,1707_light_clear_smooth_10000003.png,1707_light_clear_smooth_10900003.png
211026,1707_light_clear_smooth_10000004.png,1707_light_clear_smooth_10900004.png
211026,1707_light_clear_smooth_10000005.png,1707_light_clear_smooth_10900005.png
211026,1707_light_clear_smooth_10000006.png,1707_light_clear_smooth_10900006.png
211026,1707_light_clear_smooth_10000007.png,1707_light_clear_smooth_10900007.png
211026,1707_light_clear_smooth_10000008.png,1707_light_clear_smooth_10900008.png
211026,1707_light_clear_smooth_10000009.png,1707_light_clear_smooth_10900009.png
211026,1707_light_clear_smooth_10000010.png,1707_light_clear_smooth_10900010.png
211026,1707_light_clear_smooth_10000011.png,1707_light_clear_smooth_10900011.png
211026,1707_light_clear_smooth_10000012.png,1707_light_clear_smooth_10900012.png
211026,1707_light_clear_smooth_10000013.png,1707_light_clear_smooth_10900013.png
211026,1707_light_clear_smooth_10000014.png,1707_light_clear_smooth_10900014.png
211026,1707_light_clear_smooth_10000015.png,1707_light_clear_smooth_10900015.png
211026,1707_light_clear_smooth_10000016.png,1707_light_clear_smooth_10900016.png
211026,1707_light_clear_smooth_10000017.png,1707_light_clear_smooth_10900017.png
211026,1707_light_clear_smooth_10000018.png,1707_light_clear_smooth_10900018.png
211026,1707_light_clear_smooth_10000019.png,1707_light_clear_smooth_10900019.png
211026,1707_light_clear_smooth_10000020.png,1707_light_clear_smooth_10900020.png
211026,1707_light_clear_smooth_10000021.png,1707_light_clear_smooth_10900021.png
211026,1707_light_clear_smooth_10000022.png,1707_light_clear_smooth_10900022.png
211026,1707_light_clear_smooth_10000023.png,1707_light_clear_smooth_10900023.png
211026,1707_light_clear_smooth_10000024.png,1707_light_clear_smooth_10900024.png
211026,1707_light_clear_smooth_10000025.png,1707_light_clear_smooth_10900025.png
211026,1707_light_clear_smooth_10000026.png,1707_light_clear_smooth_10900026.png
211026,1707_light_clear_smooth_10000027.png,1707_light_clear_smooth_10900027.png
211026,1707_light_clear_smooth_10000028.png,1707_light_clear_smooth_10900028.png
211026,1707_light_clear_smooth_10000029.png,1707_light_clear_smooth_10900029.png
211026,1707_light_clear_smooth_10000030.png,1707_light_clear_smooth_10900030.png
211026,1707_light_clear_smooth_10000031.png,1707_light_clear_smooth_10900031.png
211026,1707_light_clear_smooth_10000032.png,1707_light_clear_smooth_10900032.png
211026,1707_light_clear_smooth_10000033.png,1707_light_clear_smooth_10900033.png
211026,1707_light_clear_smooth_10000034.png,1707_light_clear_smooth_10900034.png
211026,1707_light_clear_smooth_10000035.png,1707_light_clear_smooth_10900035.png
211026,1707_light_clear_smooth_10000036.png,1707_light_clear_smooth_10900036.png
211026,1707_light_clear_smooth_10000037.png,1707_light_clear_smooth_10900037.png
211026,1707_light_clear_smooth_10000038.png,1707_light_clear_smooth_10900038.png
211026,1707_light_clear_smooth_10000039.png,1707_light_clear_smooth_10900039.png
211026,1707_light_clear_smooth_10000040.png,1707_light_clear_smooth_10900040.png
211026,1707_light_clear_smooth_10000041.png,1707_light_clear_smooth_10900041.png
211026,1707_light_clear_smooth_10000042.png,1707_light_clear_smooth_10900042.png
211026,1707_light_clear_smooth_10000043.png,1707_light_clear_smooth_10900043.png
211026,1707_light_clear_smooth_10000044.png,1707_light_clear_smooth_10900044.png
211026,1707_light_clear_smooth_10000045.png,1707_light_clear_smooth_10900045.png
211026,1707_light_clear_smooth_10000046.png,1707_light_clear_smooth_10900046.png
211026,1707_light_clear_smooth_10000047.png,1707_light_clear_smooth_10900047.png
211026,1707_light_clear_smooth_10000048.png,1707_light_clear_smooth_10900048.png
211026,1707_light_clear_smooth_10000049.png,1707_light_clear_smooth_10900049.png
211026,1707_light_clear_smooth_10000050.png,1707_light_clear_smooth_10900050.png
211026,1707_light_clear_smooth_10000051.png,1707_light_clear_smooth_10900051.png
211026,1707_light_clear_smooth_10000052.png,1707_light_clear_smooth_10900052.png
211026,1707_light_clear_smooth_10000053.png,1707_light_clear_smooth_10900053.png
211026,1707_light_clear_smooth_10000054.png,1707_light_clear_smooth_10900054.png
211026,1707_light_clear_smooth_10000055.png,1707_light_clear_smooth_10900055.png
211026,1707_light_clear_smooth_10000056.png,1707_light_clear_smooth_10900056.png
211026,1707_light_clear_smooth_10000057.png,1707_light_clear_smooth_10900057.png
211026,1707_light_clear_smooth_10000058.png,1707_light_clear_smooth_10900058.png
211026,1707_light_clear_smooth_10000059.png,1707_light_clear_smooth_10900059.png
211026,1707_light_clear_smooth_10000060.png,1707_light_clear_smooth_10900060.png
211026,1707_light_clear_smooth_10000061.png,1707_light_clear_smooth_10900061.png
211026,1707_light_clear_smooth_10000062.png,1707_light_clear_smooth_10900062.png
211026,1707_light_clear_smooth_10000063.png,1707_light_clear_smooth_10900063.png
211026,1707_light_clear_smooth_10000064.png,1707_light_clear_smooth_10900064.png
211026,1707_light_clear_smooth_10000065.png,1707_light_clear_smooth_10900065.png
211026,1707_light_clear_smooth_10000066.png,1707_light_clear_smooth_10900066.png
211026,1707_light_clear_smooth_10000067.png,1707_light_clear_smooth_10900067.png
211026,1707_light_clear_smooth_10000068.png,1707_light_clear_smooth_10900068.png
211026,1707_light_clear_traffic_10000000.png,1707_light_clear_traffic_10900000.png
211026,1707_light_clear_traffic_10000001.png,1707_light_clear_traffic_10900001.png
211026,1707_light_clear_traffic_10000002.png,1707_light_clear_traffic_10900002.png
211026,1707_light_clear_traffic_10000003.png,1707_light_clear_traffic_10900003.png
211026,1707_light_clear_traffic_10000004.png,1707_light_clear_traffic_10900004.png
211026,1707_light_clear_traffic_10000005.png,1707_light_clear_traffic_10900005.png
211026,1707_light_clear_traffic_10000006.png,1707_light_clear_traffic_10900006.png
211026,1707_light_clear_traffic_10000007.png,1707_light_clear_traffic_10900007.png
211026,1707_light_clear_traffic_10000008.png,1707_light_clear_traffic_10900008.png
211026,1707_light_clear_traffic_10000009.png,1707_light_clear_traffic_10900009.png
211026,1707_light_clear_traffic_10000010.png,1707_light_clear_traffic_10900010.png
211026,1707_light_clear_traffic_10000011.png,1707_light_clear_traffic_10900011.png
211026,1707_light_clear_traffic_10000012.png,1707_light_clear_traffic_10900012.png
211026,1707_light_clear_traffic_10000013.png,1707_light_clear_traffic_10900013.png
211026,1707_light_clear_traffic_10000014.png,1707_light_clear_traffic_10900014.png
211026,1707_light_clear_traffic_10000015.png,1707_light_clear_traffic_10900015.png
211026,1707_light_clear_traffic_10000016.png,1707_light_clear_traffic_10900016.png
211026,1707_light_clear_traffic_10000017.png,1707_light_clear_traffic_10900017.png
211026,1707_light_clear_traffic_10000018.png,1707_light_clear_traffic_10900018.png
211026,1707_light_clear_traffic_10000019.png,1707_light_clear_traffic_10900019.png
211026,1707_light_clear_traffic_10000020.png,1707_light_clear_traffic_10900020.png
211026,1707_light_clear_traffic_10000021.png,1707_light_clear_traffic_10900021.png
211026,1707_light_clear_traffic_10000022.png,1707_light_clear_traffic_10900022.png
211026,1707_light_clear_traffic_10000023.png,1707_light_clear_traffic_10900023.png
211026,1707_light_clear_traffic_10000024.png,1707_light_clear_traffic_10900024.png
