root,fileName
E:\2D\86 특이도로\XIILAB\210910\GEOSTORY\06_분기합류\json,0601_light_clear_smooth_06000058.json
E:\2D\86 특이도로\XIILAB\210910\GEOSTORY\08_특수차로\json,0802_light_clear_smooth_06000016.json
E:\2D\86 특이도로\XIILAB\210915\GEOSTORY\06_분기합류\json,0601_light_clear_smooth_06000058.json
E:\2D\86 특이도로\XIILAB\210915\GEOSTORY\07_차로증감\json,0704_light_clear_smooth_01000014.json
E:\2D\86 특이도로\XIILAB\210915\GEOSTORY\07_차로증감\json,0704_light_clear_smooth_01000015.json
E:\2D\86 특이도로\XIILAB\210915\GEOSTORY\07_차로증감\json,0704_light_clear_smooth_01000016.json
E:\2D\86 특이도로\XIILAB\210915\GEOSTORY\07_차로증감\json,0704_light_clear_smooth_01000017.json
E:\2D\86 특이도로\XIILAB\210915\GEOSTORY\07_차로증감\json,0704_light_clear_smooth_01000018.json
E:\2D\86 특이도로\XIILAB\210915\GEOSTORY\07_차로증감\json,0704_light_clear_smooth_01000019.json
E:\2D\86 특이도로\XIILAB\210915\GEOSTORY\07_차로증감\json,0704_light_clear_smooth_01000020.json
E:\2D\86 특이도로\XIILAB\210915\GEOSTORY\07_차로증감\json,0704_light_clear_smooth_01000021.json
E:\2D\86 특이도로\XIILAB\210915\GEOSTORY\07_차로증감\json,0704_light_clear_smooth_01000024.json
E:\2D\86 특이도로\XIILAB\210915\GEOSTORY\07_차로증감\json,0704_light_clear_smooth_01000025.json
E:\2D\86 특이도로\XIILAB\210915\GEOSTORY\07_차로증감\json,0704_light_clear_smooth_01000026.json
E:\2D\86 특이도로\XIILAB\210915\GEOSTORY\07_차로증감\json,0704_light_clear_smooth_01000027.json
E:\2D\86 특이도로\XIILAB\210915\GEOSTORY\07_차로증감\json,0704_light_clear_smooth_01000028.json
E:\2D\86 특이도로\XIILAB\210915\GEOSTORY\08_특수차로\json,0802_light_clear_smooth_06000016.json
E:\2D\86 특이도로\XIILAB\210924\KATECH_AI\13_톨게이트\json,1303_night_clear_smooth_06000003.json
E:\2D\86 특이도로\XIILAB\210924\KATECH_AI\13_톨게이트\json,1303_night_clear_smooth_06000004.json
E:\2D\86 특이도로\XIILAB\210924\KATECH_AI\13_톨게이트\json,1303_night_clear_smooth_06000005.json
E:\2D\86 특이도로\XIILAB\210929\KATECH_AI\13_톨게이트\json,1303_night_clear_smooth_06000003.json
E:\2D\86 특이도로\XIILAB\210929\KATECH_AI\13_톨게이트\json,1303_night_clear_smooth_06000004.json
E:\2D\86 특이도로\XIILAB\210929\KATECH_AI\13_톨게이트\json,1303_night_clear_smooth_06000005.json
E:\2D\86 특이도로\XIILAB\210930\GEOSTORY\07_차로증감\json,0704_light_clear_smooth_01000014.json
E:\2D\86 특이도로\XIILAB\210930\GEOSTORY\07_차로증감\json,0704_light_clear_smooth_01000015.json
E:\2D\86 특이도로\XIILAB\210930\GEOSTORY\07_차로증감\json,0704_light_clear_smooth_01000016.json
E:\2D\86 특이도로\XIILAB\210930\GEOSTORY\07_차로증감\json,0704_light_clear_smooth_01000017.json
E:\2D\86 특이도로\XIILAB\210930\GEOSTORY\07_차로증감\json,0704_light_clear_smooth_01000018.json
E:\2D\86 특이도로\XIILAB\210930\GEOSTORY\07_차로증감\json,0704_light_clear_smooth_01000019.json
E:\2D\86 특이도로\XIILAB\210930\GEOSTORY\07_차로증감\json,0704_light_clear_smooth_01000020.json
E:\2D\86 특이도로\XIILAB\210930\GEOSTORY\07_차로증감\json,0704_light_clear_smooth_01000021.json
E:\2D\86 특이도로\XIILAB\211005\KATECH_AI\07_차로증감\json,0704_light_clear_smooth_01000024.json
E:\2D\86 특이도로\XIILAB\211005\KATECH_AI\07_차로증감\json,0704_light_clear_smooth_01000025.json
E:\2D\86 특이도로\XIILAB\211005\KATECH_AI\07_차로증감\json,0704_light_clear_smooth_01000026.json
E:\2D\86 특이도로\XIILAB\211005\KATECH_AI\07_차로증감\json,0704_light_clear_smooth_01000027.json
E:\2D\86 특이도로\XIILAB\211005\KATECH_AI\07_차로증감\json,0704_light_clear_smooth_01000028.json
